{"url":"https:\/\/burlak.bitrix24.ru\/rest\/2006\/5jla8ivsrrsvwlkp\/crm.lead.add.json","info":{"url":"https:\/\/burlak.bitrix24.ru\/rest\/2006\/5jla8ivsrrsvwlkp\/crm.lead.add.json","content_type":"application\/json; charset=utf-8","http_code":200,"header_size":1030,"request_size":208,"filetime":-1,"ssl_verify_result":0,"redirect_count":0,"total_time":0.63504,"namelookup_time":0.098761,"connect_time":0.191904,"pretransfer_time":0.278309,"size_upload":2794,"size_download":290,"speed_download":456,"speed_upload":4400,"download_content_length":-1,"upload_content_length":2794,"starttransfer_time":0.278315,"redirect_time":0,"redirect_url":"","primary_ip":"178.132.201.50","certinfo":[],"primary_port":443,"local_ip":"10.10.11.32","local_port":62935,"http_version":3,"protocol":2,"ssl_verifyresult":0,"scheme":"HTTPS","appconnect_time_us":278165,"connect_time_us":191904,"namelookup_time_us":98761,"pretransfer_time_us":278309,"redirect_time_us":0,"starttransfer_time_us":278315,"total_time_us":635040},"params":{"method":"crm.lead.add","params":{"fields":{"TITLE":"ghfgnf","NAME":"ghfgnf","PHONE":"255252525","COMMENTS":"\n        \u041a\u043e\u043b-\u0432\u043e \u0447\u0435\u043b\u043e\u0432\u0435\u043a: 0;\n\n        \u0415\u0441\u0442\u044c \u043b\u0438 \u0443 \u0432\u0430\u0441 \u043f\u0440\u0435\u0434\u043f\u043e\u0447\u0442\u0435\u043d\u0438\u0435 \u043f\u043e \u043f\u0440\u043e\u0438\u0437\u0432\u043e\u0434\u0438\u0442\u0435\u043b\u044f\u043c \u0441\u0435\u043f\u0442\u0438\u043a\u043e\u0432? (\u041c\u043e\u0436\u0435\u0442\u0435 \u0432\u044b\u0431\u0440\u0430\u0442\u044c \u043d\u0435\u0441\u043a\u043e\u043b\u044c\u043a\u043e \u0432\u0430\u0440\u0438\u0430\u043d\u0442\u043e\u0432): \u0424\u0438\u0440\u043c\u0430 \u043d\u0435 \u0438\u043c\u0435\u0435\u0442 \u0437\u043d\u0430\u0447\u0435\u043d\u0438\u0435, \u0433\u043b\u0430\u0432\u043d\u043e\u0435 \u043f\u043e\u0434\u0445\u043e\u0434\u044f\u0449\u0438\u0439 \u043f\u043e \u043f\u0430\u0440\u0430\u043c\u0435\u0442\u0440\u0430\u043c,\u041f\u0440\u043e\u0441\u0447\u0438\u0442\u0430\u0439\u0442\u0435 \u0432\u0441\u0435 \u0432\u0430\u0440\u0438\u0430\u043d\u0442\u044b,\u0425\u0438\u0442 \u043f\u0440\u043e\u0434\u0430\u0436\/\u041d\u0430\u0438\u0431\u043e\u043b\u0435\u0435 \u043f\u043e\u043f\u0443\u043b\u044f\u0440\u043d\u044b\u0435 \u043c\u043e\u0434\u0435\u043b\u0438;\n\n        \u0420\u0430\u043a\u043e\u0432\u0438\u043d\u0430 \/ \u043c\u043e\u0439\u043a\u0430 (\u0448\u0442.): 0;\n\n        \u0412\u0430\u043d\u043d\u0430, (\u0448\u0442.): 0;\n\n        \u0423\u043d\u0438\u0442\u0430\u0437, (\u0448\u0442.): 0;\n\n        \u0414\u0443\u0448, (\u0448\u0442.): 0;\n\n        \u0421\u0442\u0438\u0440\u0430\u043b\u044c\u043d\u0430\u044f \/ \u043f\u043e\u0441\u0443\u0434\u043e\u043c\u043e\u0439\u043a\u0430 (\u0448\u0442.): 0;\n\n        \u0423\u0440\u043e\u0432\u0435\u043d\u044c \u0433\u0440\u0443\u043d\u0442\u043e\u0432\u044b\u0445 \u0432\u043e\u0434: undefined; \n\n        \u0418\u0441\u043f\u043e\u043b\u044c\u0437\u043e\u0432\u0430\u043d\u0438\u0435 \u0434\u043e\u043c\u0430: undefined; \n\n        \u041e\u0442\u0432\u043e\u0434 \u0441\u0442\u043e\u043a\u0430: undefined; \n\n        \u041a\u043e\u0433\u0434\u0430 \u0443\u0441\u0442\u0430\u043d\u043e\u0432\u043a\u0430: undefined; \n\n        \u0412\u044b\u0431\u0435\u0440\u0438\u0442\u0435 \u043f\u043e\u0434\u0430\u0440\u043a\u0438: \u0421\u043a\u0438\u0434\u043a\u0430 \u0434\u043e 50% \u043d\u0430 \u043c\u043e\u043d\u0442\u0430\u0436,\u0413\u0430\u0440\u0430\u043d\u0442\u0438\u044f 10 \u043b\u0435\u0442 \u043d\u0430 \u043c\u043e\u043d\u0442\u0430\u0436 \u043e\u0431\u043e\u0440\u0443\u0434\u043e\u0432\u0430\u043d\u0438\u044f;\n        ","ADDRESS":"3"}}},"result":{"result":4848,"time":{"start":1733409345.571787,"finish":1733409345.803835,"duration":0.23204779624938965,"processing":0.19911718368530273,"date_start":"2024-12-05T17:35:45+03:00","date_finish":"2024-12-05T17:35:45+03:00","operating_reset_at":1733409945,"operating":0.6188638210296631}}}