{"url":"https:\/\/burlak.bitrix24.ru\/rest\/2006\/5jla8ivsrrsvwlkp\/crm.lead.add.json","info":{"url":"https:\/\/burlak.bitrix24.ru\/rest\/2006\/5jla8ivsrrsvwlkp\/crm.lead.add.json","content_type":"application\/json; charset=utf-8","http_code":200,"header_size":1032,"request_size":208,"filetime":-1,"ssl_verify_result":0,"redirect_count":0,"total_time":0.670529,"namelookup_time":0.089253,"connect_time":0.167954,"pretransfer_time":0.312446,"size_upload":3946,"size_download":288,"speed_download":429,"speed_upload":5889,"download_content_length":-1,"upload_content_length":3946,"starttransfer_time":0.312457,"redirect_time":0,"redirect_url":"","primary_ip":"109.120.182.255","certinfo":[],"primary_port":443,"local_ip":"10.10.11.32","local_port":62647,"http_version":3,"protocol":2,"ssl_verifyresult":0,"scheme":"HTTPS","appconnect_time_us":309070,"connect_time_us":167954,"namelookup_time_us":89253,"pretransfer_time_us":312446,"redirect_time_us":0,"starttransfer_time_us":312457,"total_time_us":670529},"params":{"method":"crm.lead.add","params":{"fields":{"TITLE":"cscsc","NAME":"cscsc","PHONE":[{"VALUE":"2542","VALUE_TYPE":"WORK"}],"EMAIL":[{"VALUE":"eldorjon@ma.il","VALUE_TYPE":"WORK"}],"COMMENTS":"\n        \u041a\u043e\u043b-\u0432\u043e \u0447\u0435\u043b\u043e\u0432\u0435\u043a: 5;\n\n        \u0415\u0441\u0442\u044c \u043b\u0438 \u0443 \u0432\u0430\u0441 \u043f\u0440\u0435\u0434\u043f\u043e\u0447\u0442\u0435\u043d\u0438\u0435 \u043f\u043e \u043f\u0440\u043e\u0438\u0437\u0432\u043e\u0434\u0438\u0442\u0435\u043b\u044f\u043c \u0441\u0435\u043f\u0442\u0438\u043a\u043e\u0432? (\u041c\u043e\u0436\u0435\u0442\u0435 \u0432\u044b\u0431\u0440\u0430\u0442\u044c \u043d\u0435\u0441\u043a\u043e\u043b\u044c\u043a\u043e \u0432\u0430\u0440\u0438\u0430\u043d\u0442\u043e\u0432): \u0424\u0438\u0440\u043c\u0430 \u043d\u0435 \u0438\u043c\u0435\u0435\u0442 \u0437\u043d\u0430\u0447\u0435\u043d\u0438\u0435, \u0433\u043b\u0430\u0432\u043d\u043e\u0435 \u043f\u043e\u0434\u0445\u043e\u0434\u044f\u0449\u0438\u0439 \u043f\u043e \u043f\u0430\u0440\u0430\u043c\u0435\u0442\u0440\u0430\u043c,\u041f\u0440\u043e\u0441\u0447\u0438\u0442\u0430\u0439\u0442\u0435 \u0432\u0441\u0435 \u0432\u0430\u0440\u0438\u0430\u043d\u0442\u044b,\u0425\u0438\u0442 \u043f\u0440\u043e\u0434\u0430\u0436\/\u041d\u0430\u0438\u0431\u043e\u043b\u0435\u0435 \u043f\u043e\u043f\u0443\u043b\u044f\u0440\u043d\u044b\u0435 \u043c\u043e\u0434\u0435\u043b\u0438,\u0424\u043b\u043e\u043d\u0442\u0435\u043a,\u041c\u0438\u043d\u0442\u0435\u043a\u043e,\u0412\u043e\u043b\u0433\u0430\u0440\u044c,Rodlex;\n\n        \u0420\u0430\u043a\u043e\u0432\u0438\u043d\u0430 \/ \u043c\u043e\u0439\u043a\u0430 (\u0448\u0442.): 3;\n\n        \u0412\u0430\u043d\u043d\u0430, (\u0448\u0442.): 3;\n\n        \u0423\u043d\u0438\u0442\u0430\u0437, (\u0448\u0442.): 0;\n\n        \u0414\u0443\u0448, (\u0448\u0442.): 3;\n\n        \u0421\u0442\u0438\u0440\u0430\u043b\u044c\u043d\u0430\u044f \/ \u043f\u043e\u0441\u0443\u0434\u043e\u043c\u043e\u0439\u043a\u0430 (\u0448\u0442.): 0;\n\n        \u0423\u0440\u043e\u0432\u0435\u043d\u044c \u0433\u0440\u0443\u043d\u0442\u043e\u0432\u044b\u0445 \u0432\u043e\u0434: \u0412\u044b\u0441\u043e\u043a\u0438\u0439. \u0412\u044b\u0448\u0435 1,5 \u043c\u0435\u0442\u0440\u0430; \n\n        \u0418\u0441\u043f\u043e\u043b\u044c\u0437\u043e\u0432\u0430\u043d\u0438\u0435 \u0434\u043e\u043c\u0430: \u041f\u0440\u043e\u0436\u0438\u0432\u0430\u044e \u043b\u0435\u0442\u043e\u043c. \u0417\u0438\u043c\u043e\u0439 \u043f\u043e\u043b\u044c\u0437\u0443\u044e\u0441\u044c \u043a\u0430\u043d\u0430\u043b\u0438\u0437\u0430\u0446\u0438\u0435\u0439 \u043e\u0434\u0438\u043d \u0440\u0430\u0437 \u0432 2 \u043d\u0435\u0434\u0435\u043b\u0438 \u0438\u043b\u0438 \u0447\u0430\u0449\u0435; \n\n        \u041e\u0442\u0432\u043e\u0434 \u0441\u0442\u043e\u043a\u0430: \u041e\u0432\u0440\u0430\u0433; \n\n        \u041a\u043e\u0433\u0434\u0430 \u0443\u0441\u0442\u0430\u043d\u043e\u0432\u043a\u0430: \u0421\u0435\u043d\u0442\u044f\u0431\u0440\u044c (\u0431\u0440\u043e\u043d\u0438\u0440\u043e\u0432\u0430\u043d\u0438\u0435 \u043d\u0430 \u043e\u0441\u0435\u043d\u044c); \n\n        \u0412\u044b\u0431\u0435\u0440\u0438\u0442\u0435 \u043f\u043e\u0434\u0430\u0440\u043a\u0438: \u0421\u043a\u0438\u0434\u043a\u0430 \u0434\u043e 50% \u043d\u0430 \u043c\u043e\u043d\u0442\u0430\u0436,\u0413\u0430\u0440\u0430\u043d\u0442\u0438\u044f 10 \u043b\u0435\u0442 \u043d\u0430 \u043c\u043e\u043d\u0442\u0430\u0436 \u043e\u0431\u043e\u0440\u0443\u0434\u043e\u0432\u0430\u043d\u0438\u044f,\u0420\u0430\u0441\u0441\u0440\u043e\u0447\u043a\u0430, \u0431\u0435\u0437 \u043f\u0435\u0440\u0432\u043e\u043d\u0430\u0447\u0430\u043b\u044c\u043d\u043e\u0433\u043e \u0432\u0437\u043d\u043e\u0441\u0430;\n        ","UF_CRM_XX":"2"}}},"result":{"result":4844,"time":{"start":1733408916.922755,"finish":1733408917.158487,"duration":0.2357320785522461,"processing":0.20304012298583984,"date_start":"2024-12-05T17:28:36+03:00","date_finish":"2024-12-05T17:28:37+03:00","operating_reset_at":1733409516,"operating":0.7841041088104248}}}