{"url":"https:\/\/burlak.bitrix24.ru\/rest\/2006\/5jla8ivsrrsvwlkp\/crm.lead.add.json","info":{"url":"https:\/\/burlak.bitrix24.ru\/rest\/2006\/5jla8ivsrrsvwlkp\/crm.lead.add.json","content_type":"application\/json; charset=utf-8","http_code":200,"header_size":1031,"request_size":208,"filetime":-1,"ssl_verify_result":0,"redirect_count":0,"total_time":0.955667,"namelookup_time":0.160328,"connect_time":0.374996,"pretransfer_time":0.534315,"size_upload":7784,"size_download":289,"speed_download":302,"speed_upload":8150,"download_content_length":-1,"upload_content_length":7784,"starttransfer_time":0.534331,"redirect_time":0,"redirect_url":"","primary_ip":"178.132.201.50","certinfo":[],"primary_port":443,"local_ip":"192.168.100.59","local_port":51252,"http_version":3,"protocol":2,"ssl_verifyresult":0,"scheme":"HTTPS","appconnect_time_us":528816,"connect_time_us":374996,"namelookup_time_us":160328,"pretransfer_time_us":534315,"redirect_time_us":0,"starttransfer_time_us":534331,"total_time_us":955667},"params":{"method":"crm.lead.add","params":{"fields":{"TITLE":"shax","NAME":"shax","PHONE":[["25562"]],"COMMENTS":"\n        \u041a\u043e\u043b-\u0432\u043e \u0447\u0435\u043b\u043e\u0432\u0435\u043a: 6;\n\n        \u0415\u0441\u0442\u044c \u043b\u0438 \u0443 \u0432\u0430\u0441 \u043f\u0440\u0435\u0434\u043f\u043e\u0447\u0442\u0435\u043d\u0438\u0435 \u043f\u043e \u043f\u0440\u043e\u0438\u0437\u0432\u043e\u0434\u0438\u0442\u0435\u043b\u044f\u043c \u0441\u0435\u043f\u0442\u0438\u043a\u043e\u0432? (\u041c\u043e\u0436\u0435\u0442\u0435 \u0432\u044b\u0431\u0440\u0430\u0442\u044c \u043d\u0435\u0441\u043a\u043e\u043b\u044c\u043a\u043e \u0432\u0430\u0440\u0438\u0430\u043d\u0442\u043e\u0432): \u0424\u0438\u0440\u043c\u0430 \u043d\u0435 \u0438\u043c\u0435\u0435\u0442 \u0437\u043d\u0430\u0447\u0435\u043d\u0438\u0435, \u0433\u043b\u0430\u0432\u043d\u043e\u0435 \u043f\u043e\u0434\u0445\u043e\u0434\u044f\u0449\u0438\u0439 \u043f\u043e \u043f\u0430\u0440\u0430\u043c\u0435\u0442\u0440\u0430\u043c,\u041f\u0440\u043e\u0441\u0447\u0438\u0442\u0430\u0439\u0442\u0435 \u0432\u0441\u0435 \u0432\u0430\u0440\u0438\u0430\u043d\u0442\u044b,\u0425\u0438\u0442 \u043f\u0440\u043e\u0434\u0430\u0436\/\u041d\u0430\u0438\u0431\u043e\u043b\u0435\u0435 \u043f\u043e\u043f\u0443\u043b\u044f\u0440\u043d\u044b\u0435 \u043c\u043e\u0434\u0435\u043b\u0438,\u0424\u043b\u043e\u043d\u0442\u0435\u043a,\u041c\u0438\u043d\u0442\u0435\u043a\u043e,\u0412\u043e\u043b\u0433\u0430\u0440\u044c;\n\n        \u0420\u0430\u043a\u043e\u0432\u0438\u043d\u0430 \/ \u043c\u043e\u0439\u043a\u0430 (\u0448\u0442.): 7;\n\n        \u0412\u0430\u043d\u043d\u0430, (\u0448\u0442.): 7;\n\n        \u0423\u043d\u0438\u0442\u0430\u0437, (\u0448\u0442.): 2;\n\n        \u0414\u0443\u0448, (\u0448\u0442.): 3;\n\n        \u0421\u0442\u0438\u0440\u0430\u043b\u044c\u043d\u0430\u044f \/ \u043f\u043e\u0441\u0443\u0434\u043e\u043c\u043e\u0439\u043a\u0430 (\u0448\u0442.): 2;\n\n        \u0423\u0440\u043e\u0432\u0435\u043d\u044c \u0433\u0440\u0443\u043d\u0442\u043e\u0432\u044b\u0445 \u0432\u043e\u0434: \u0412\u044b\u0441\u043e\u043a\u0438\u0439. \u0412\u044b\u0448\u0435 1,5 \u043c\u0435\u0442\u0440\u0430; \n\n        \u0418\u0441\u043f\u043e\u043b\u044c\u0437\u043e\u0432\u0430\u043d\u0438\u0435 \u0434\u043e\u043c\u0430: \u041f\u0440\u043e\u0436\u0438\u0432\u0430\u044e \u043b\u0435\u0442\u043e\u043c. \u0417\u0438\u043c\u043e\u0439 \u043f\u043e\u043b\u044c\u0437\u0443\u044e\u0441\u044c \u043a\u0430\u043d\u0430\u043b\u0438\u0437\u0430\u0446\u0438\u0435\u0439 \u043e\u0434\u0438\u043d \u0440\u0430\u0437 \u0432 2 \u043d\u0435\u0434\u0435\u043b\u0438 \u0438\u043b\u0438 \u0447\u0430\u0449\u0435; \n\n        \u041e\u0442\u0432\u043e\u0434 \u0441\u0442\u043e\u043a\u0430: \u0414\u0440\u0435\u043d\u0430\u0436\u043d\u044b\u0439 \u043a\u043e\u043b\u043e\u0434\u0435\u0446; \n\n        \u041a\u043e\u0433\u0434\u0430 \u0443\u0441\u0442\u0430\u043d\u043e\u0432\u043a\u0430: \u0412 \u0438\u044e\u043b\u0435 (\u0431\u0440\u043e\u043d\u0438\u0440\u043e\u0432\u0430\u043d\u0438\u0435 \u043d\u0430 \u043b\u0435\u0442\u043e); \n\n        \u0412\u044b\u0431\u0435\u0440\u0438\u0442\u0435 \u043f\u043e\u0434\u0430\u0440\u043a\u0438: \u0421\u043a\u0438\u0434\u043a\u0430 \u0434\u043e 50% \u043d\u0430 \u043c\u043e\u043d\u0442\u0430\u0436,\u0413\u0430\u0440\u0430\u043d\u0442\u0438\u044f 10 \u043b\u0435\u0442 \u043d\u0430 \u043c\u043e\u043d\u0442\u0430\u0436 \u043e\u0431\u043e\u0440\u0443\u0434\u043e\u0432\u0430\u043d\u0438\u044f; \n \n\n        \u041a\u0443\u0434\u0430 \u043e\u0442\u043f\u0440\u0430\u0432\u0438\u0442\u044c: *3; \n\n        \u041d\u043e\u043c\u0435\u0440 \u043c\u0435\u0441\u0441\u0435\u043d\u0434\u0436\u0435\u0440\u0430 \u0438\u043b\u0438 \u0442\u0435\u043b\u0435\u0444\u043e\u043d\u0430 *: 25562;\n        ",